,Random_IDs,Sonata_Section,Feature,DV2,Education_Level,Years_Theory,Years_Skills,Schemata_Expertise,Excerpt_Familiarity,Excerpt_Analysis,Solfege_Hearing,Schema_Hearing,Perfect_Pitch?,Interpretation_App,Expertise_Group,Expertise_Group_solf,Sonata_Order,Expo_Order,Expo_Bass_Order,Expo_Sop_Order,Expo_Schema_Order,Recap_Order,Recap_Bass_Order,Recap_Sop_Order,Recap_Schema_Order
0,913,Exposition,Bass,3.0,Professor,10 + years,10 + years,Completely unfamiliar,I have heard this before,"No, not at all",7.0,1.0,No,"I have no idea, I could just hear it!,I imagined scale degrees or solfege as I listened,I imagined or sung/spoke the interpretation between listenings",Novice,Expert,2,5,1,1,2,3,1,1,2
1,834,Exposition,Bass,4.7,Graduate Student,5-10 years,5-10 years,Familiar,This was the first time I have heard this,"No, not at all",6.2,5.7,No,I imagined scale degrees or solfege as I listened,Intermediate,Intermediate,1,3,2,2,2,1,2,2,1
2,719,Exposition,Bass,6.0,Graduate Student,1-2 years,3-5 years,Somewhat familiar,I have heard this before,"No, not at all",5.3,4.5,No,"I imagined scale degrees or solfege as I listened,I sang or spoke (without scale degrees or solfege)",Intermediate,Intermediate,2,3,2,2,1,6,2,1,1
3,862,Exposition,Bass,6.0,Graduate Student,5-10 years,5-10 years,Very familiar,This was the first time I have heard this,"No, not at all",5.5,4.9,No,"I imagined scale degrees or solfege as I listened,I subvocalized (silent rehearsal, spoken or sung) scale degrees or solfege while listening",Intermediate,Intermediate,1,3,1,1,1,3,1,2,2
4,686,Exposition,Bass,6.3,Professor,10 + years,10 + years,Very familiar,This was the first time I have heard this,"No, not at all",7.0,7.0,No,"I imagined scale degrees or solfege as I listened,I subvocalized (silent rehearsal, spoken or sung) scale degrees or solfege while listening",Intermediate,Expert,2,1,2,1,1,4,1,1,1
5,358,Exposition,Bass,6.5,Professor,10 + years,10 + years,"I am an expert (analysis, playing, composition, etc.)",This was the first time I have heard this,"No, not at all",7.0,7.0,No,"I imagined scale degrees or solfege as I listened,I imagined or sung/spoke the interpretation between listenings",Expert,Expert,2,2,2,2,2,5,2,2,2
6,998,Exposition,Bass,1.0,Postdoctoral Researcher,10 + years,10 + years,Somewhat familiar,This was the first time I have heard this,"No, not at all",4.0,2.0,No,"I imagined scale degrees or solfege as I listened,I subvocalized (silent rehearsal, spoken or sung) scale degrees or solfege while listening,I sang or spoke (without scale degrees or solfege)",Novice,Intermediate,1,6,1,2,2,3,1,1,1
7,473,Exposition,Bass,1.2,Postdoctoral Researcher,10 + years,5-10 years,Somewhat familiar,I have heard this before,"No, not at all",6.0,5.1,No,I spoke or sang scale degrees or solfege while listening,Intermediate,Intermediate,2,5,1,1,1,3,2,1,2
8,895,Exposition,Bass,1.0,Graduate Student,5-10 years,5-10 years,Completely unfamiliar,This was the first time I have heard this,"No, not at all",4.0,1.0,No,"I have no idea, I could just hear it!,I imagined scale degrees or solfege as I listened,I spoke or sang scale degrees or solfege while listening,I imagined or sung/spoke the interpretation between listenings,I sang or spoke (without scale degrees or solfege)",Novice,Intermediate,2,6,2,1,1,2,2,2,2
9,326,Exposition,Bass,5.6,Graduate Student,5-10 years,3-5 years,Familiar,I am very familiar with this piece,"Yes, somewhat",6.1,4.0,No,I spoke or sang scale degrees or solfege while listening,Intermediate,Intermediate,2,1,1,1,1,3,2,1,1
10,381,Exposition,Bass,1.0,"Other, please specify:",10 + years,10 + years,Somewhat familiar,This was the first time I have heard this,"No, not at all",7.0,1.0,Yes,"I imagined scale degrees or solfege as I listened,I subvocalized (silent rehearsal, spoken or sung) scale degrees or solfege while listening",Novice,Expert,1,5,1,2,2,6,1,1,2
11,268,Exposition,Bass,5.6,Professor,5-10 years,5-10 years,Very familiar,This was the first time I have heard this,"No, not at all",7.0,5.5,No,"I have no idea, I could just hear it!,I imagined scale degrees or solfege as I listened,I played an instrument",Intermediate,Intermediate,2,1,2,2,1,6,2,1,2
12,883,Exposition,Bass,3.0,Professor,10 + years,10 + years,Very familiar,I have heard this before,"Yes, somewhat",5.0,3.0,No,"I subvocalized (silent rehearsal, spoken or sung) scale degrees or solfege while listening,I spoke or sang scale degrees or solfege while listening",Intermediate,Intermediate,1,2,1,2,2,5,1,2,1
13,475,Exposition,Bass,2.0,Professor,10 + years,10 + years,"I am an expert (analysis, playing, composition, etc.)",I have heard this before,"No, not at all",7.0,7.0,Yes,Other (please specify),Expert,Expert,2,1,2,1,1,2,2,1,2
14,392,Exposition,Bass,5.9,Professor,10 + years,10 + years,"I am an expert (analysis, playing, composition, etc.)",I have heard this before,"No, not at all",5.9,4.2,Yes,"I have no idea, I could just hear it!",Expert,Expert,1,1,1,2,2,1,1,2,2
15,244,Exposition,Bass,5.0,Professor,10 + years,10 + years,"I am an expert (analysis, playing, composition, etc.)",I have heard this before,"No, not at all",7.0,7.0,No,"I imagined scale degrees or solfege as I listened,I subvocalized (silent rehearsal, spoken or sung) scale degrees or solfege while listening,I sang or spoke (without scale degrees or solfege),I played an instrument",Expert,Expert,2,1,2,1,1,2,2,2,1
16,148,Exposition,Bass,7.0,Professor,10 + years,10 + years,Somewhat familiar,I have heard this before,"No, not at all",6.0,4.0,No,"I imagined scale degrees or solfege as I listened,I subvocalized (silent rehearsal, spoken or sung) scale degrees or solfege while listening,I spoke or sang scale degrees or solfege while listening,I imagined or sung/spoke the interpretation between listenings",Intermediate,Intermediate,1,5,2,1,1,4,1,1,1
17,701,Exposition,Bass,2.6,Graduate Student,10 + years,10 + years,Very familiar,I have heard this before,"Yes, somewhat",6.3,6.7,No,"I imagined scale degrees or solfege as I listened,I spoke or sang scale degrees or solfege while listening,I imagined or sung/spoke the interpretation between listenings",Expert,Intermediate,2,3,1,2,2,6,1,2,2
18,540,Exposition,Bass,7.0,Professor,5-10 years,5-10 years,"I am an expert (analysis, playing, composition, etc.)",I have heard this before,"Yes, somewhat",7.0,7.0,No,"I imagined scale degrees or solfege as I listened,I subvocalized (silent rehearsal, spoken or sung) scale degrees or solfege while listening,I played an instrument",Expert,Expert,2,3,2,2,2,4,2,2,2
19,495,Exposition,Bass,3.5,Professor,5-10 years,3-5 years,Very familiar,This was the first time I have heard this,"No, not at all",6.0,5.0,No,"I imagined scale degrees or solfege as I listened,I subvocalized (silent rehearsal, spoken or sung) scale degrees or solfege while listening,I spoke or sang scale degrees or solfege while listening,I sang or spoke (without scale degrees or solfege)",Intermediate,Intermediate,2,4,1,1,1,3,2,1,1
0,913,Exposition,Soprano,1.0,Professor,10 + years,10 + years,Completely unfamiliar,I have heard this before,"No, not at all",7.0,1.0,No,"I have no idea, I could just hear it!,I imagined scale degrees or solfege as I listened,I imagined or sung/spoke the interpretation between listenings",Novice,Expert,2,5,1,1,2,3,1,1,2
1,834,Exposition,Soprano,3.8,Graduate Student,5-10 years,5-10 years,Familiar,This was the first time I have heard this,"No, not at all",6.2,5.7,No,I imagined scale degrees or solfege as I listened,Intermediate,Intermediate,1,3,2,2,2,1,2,2,1
2,719,Exposition,Soprano,6.4,Graduate Student,1-2 years,3-5 years,Somewhat familiar,I have heard this before,"No, not at all",5.3,4.5,No,"I imagined scale degrees or solfege as I listened,I sang or spoke (without scale degrees or solfege)",Intermediate,Intermediate,2,3,2,2,1,6,2,1,1
3,862,Exposition,Soprano,3.4,Graduate Student,5-10 years,5-10 years,Very familiar,This was the first time I have heard this,"No, not at all",5.5,4.9,No,"I imagined scale degrees or solfege as I listened,I subvocalized (silent rehearsal, spoken or sung) scale degrees or solfege while listening",Intermediate,Intermediate,1,3,1,1,1,3,1,2,2
4,686,Exposition,Soprano,7.0,Professor,10 + years,10 + years,Very familiar,This was the first time I have heard this,"No, not at all",7.0,7.0,No,"I imagined scale degrees or solfege as I listened,I subvocalized (silent rehearsal, spoken or sung) scale degrees or solfege while listening",Intermediate,Expert,2,1,2,1,1,4,1,1,1
5,358,Exposition,Soprano,7.0,Professor,10 + years,10 + years,"I am an expert (analysis, playing, composition, etc.)",This was the first time I have heard this,"No, not at all",7.0,7.0,No,"I imagined scale degrees or solfege as I listened,I imagined or sung/spoke the interpretation between listenings",Expert,Expert,2,2,2,2,2,5,2,2,2
6,998,Exposition,Soprano,1.0,Postdoctoral Researcher,10 + years,10 + years,Somewhat familiar,This was the first time I have heard this,"No, not at all",4.0,2.0,No,"I imagined scale degrees or solfege as I listened,I subvocalized (silent rehearsal, spoken or sung) scale degrees or solfege while listening,I sang or spoke (without scale degrees or solfege)",Novice,Intermediate,1,6,1,2,2,3,1,1,1
7,473,Exposition,Soprano,1.3,Postdoctoral Researcher,10 + years,5-10 years,Somewhat familiar,I have heard this before,"No, not at all",6.0,5.1,No,I spoke or sang scale degrees or solfege while listening,Intermediate,Intermediate,2,5,1,1,1,3,2,1,2
8,895,Exposition,Soprano,1.0,Graduate Student,5-10 years,5-10 years,Completely unfamiliar,This was the first time I have heard this,"No, not at all",4.0,1.0,No,"I have no idea, I could just hear it!,I imagined scale degrees or solfege as I listened,I spoke or sang scale degrees or solfege while listening,I imagined or sung/spoke the interpretation between listenings,I sang or spoke (without scale degrees or solfege)",Novice,Intermediate,2,6,2,1,1,2,2,2,2
9,326,Exposition,Soprano,5.1,Graduate Student,5-10 years,3-5 years,Familiar,I am very familiar with this piece,"Yes, somewhat",6.1,4.0,No,I spoke or sang scale degrees or solfege while listening,Intermediate,Intermediate,2,1,1,1,1,3,2,1,1
10,381,Exposition,Soprano,1.0,"Other, please specify:",10 + years,10 + years,Somewhat familiar,This was the first time I have heard this,"No, not at all",7.0,1.0,Yes,"I imagined scale degrees or solfege as I listened,I subvocalized (silent rehearsal, spoken or sung) scale degrees or solfege while listening",Novice,Expert,1,5,1,2,2,6,1,1,2
11,268,Exposition,Soprano,3.7,Professor,5-10 years,5-10 years,Very familiar,This was the first time I have heard this,"No, not at all",7.0,5.5,No,"I have no idea, I could just hear it!,I imagined scale degrees or solfege as I listened,I played an instrument",Intermediate,Intermediate,2,1,2,2,1,6,2,1,2
12,883,Exposition,Soprano,4.3,Professor,10 + years,10 + years,Very familiar,I have heard this before,"Yes, somewhat",5.0,3.0,No,"I subvocalized (silent rehearsal, spoken or sung) scale degrees or solfege while listening,I spoke or sang scale degrees or solfege while listening",Intermediate,Intermediate,1,2,1,2,2,5,1,2,1
13,475,Exposition,Soprano,1.0,Professor,10 + years,10 + years,"I am an expert (analysis, playing, composition, etc.)",I have heard this before,"No, not at all",7.0,7.0,Yes,Other (please specify),Expert,Expert,2,1,2,1,1,2,2,1,2
14,392,Exposition,Soprano,5.4,Professor,10 + years,10 + years,"I am an expert (analysis, playing, composition, etc.)",I have heard this before,"No, not at all",5.9,4.2,Yes,"I have no idea, I could just hear it!",Expert,Expert,1,1,1,2,2,1,1,2,2
15,244,Exposition,Soprano,7.0,Professor,10 + years,10 + years,"I am an expert (analysis, playing, composition, etc.)",I have heard this before,"No, not at all",7.0,7.0,No,"I imagined scale degrees or solfege as I listened,I subvocalized (silent rehearsal, spoken or sung) scale degrees or solfege while listening,I sang or spoke (without scale degrees or solfege),I played an instrument",Expert,Expert,2,1,2,1,1,2,2,2,1
16,148,Exposition,Soprano,2.1,Professor,10 + years,10 + years,Somewhat familiar,I have heard this before,"No, not at all",6.0,4.0,No,"I imagined scale degrees or solfege as I listened,I subvocalized (silent rehearsal, spoken or sung) scale degrees or solfege while listening,I spoke or sang scale degrees or solfege while listening,I imagined or sung/spoke the interpretation between listenings",Intermediate,Intermediate,1,5,2,1,1,4,1,1,1
17,701,Exposition,Soprano,1.4,Graduate Student,10 + years,10 + years,Very familiar,I have heard this before,"Yes, somewhat",6.3,6.7,No,"I imagined scale degrees or solfege as I listened,I spoke or sang scale degrees or solfege while listening,I imagined or sung/spoke the interpretation between listenings",Expert,Intermediate,2,3,1,2,2,6,1,2,2
18,540,Exposition,Soprano,5.5,Professor,5-10 years,5-10 years,"I am an expert (analysis, playing, composition, etc.)",I have heard this before,"Yes, somewhat",7.0,7.0,No,"I imagined scale degrees or solfege as I listened,I subvocalized (silent rehearsal, spoken or sung) scale degrees or solfege while listening,I played an instrument",Expert,Expert,2,3,2,2,2,4,2,2,2
19,495,Exposition,Soprano,4.0,Professor,5-10 years,3-5 years,Very familiar,This was the first time I have heard this,"No, not at all",6.0,5.0,No,"I imagined scale degrees or solfege as I listened,I subvocalized (silent rehearsal, spoken or sung) scale degrees or solfege while listening,I spoke or sang scale degrees or solfege while listening,I sang or spoke (without scale degrees or solfege)",Intermediate,Intermediate,2,4,1,1,1,3,2,1,1
0,913,Exposition,Schema,4.2,Professor,10 + years,10 + years,Completely unfamiliar,I have heard this before,"No, not at all",7.0,1.0,No,"I have no idea, I could just hear it!,I imagined scale degrees or solfege as I listened,I imagined or sung/spoke the interpretation between listenings",Novice,Expert,2,5,1,1,2,3,1,1,2
1,834,Exposition,Schema,5.0,Graduate Student,5-10 years,5-10 years,Familiar,This was the first time I have heard this,"No, not at all",6.2,5.7,No,I imagined scale degrees or solfege as I listened,Intermediate,Intermediate,1,3,2,2,2,1,2,2,1
2,719,Exposition,Schema,6.9,Graduate Student,1-2 years,3-5 years,Somewhat familiar,I have heard this before,"No, not at all",5.3,4.5,No,"I imagined scale degrees or solfege as I listened,I sang or spoke (without scale degrees or solfege)",Intermediate,Intermediate,2,3,2,2,1,6,2,1,1
3,862,Exposition,Schema,4.9,Graduate Student,5-10 years,5-10 years,Very familiar,This was the first time I have heard this,"No, not at all",5.5,4.9,No,"I imagined scale degrees or solfege as I listened,I subvocalized (silent rehearsal, spoken or sung) scale degrees or solfege while listening",Intermediate,Intermediate,1,3,1,1,1,3,1,2,2
4,686,Exposition,Schema,7.0,Professor,10 + years,10 + years,Very familiar,This was the first time I have heard this,"No, not at all",7.0,7.0,No,"I imagined scale degrees or solfege as I listened,I subvocalized (silent rehearsal, spoken or sung) scale degrees or solfege while listening",Intermediate,Expert,2,1,2,1,1,4,1,1,1
5,358,Exposition,Schema,7.0,Professor,10 + years,10 + years,"I am an expert (analysis, playing, composition, etc.)",This was the first time I have heard this,"No, not at all",7.0,7.0,No,"I imagined scale degrees or solfege as I listened,I imagined or sung/spoke the interpretation between listenings",Expert,Expert,2,2,2,2,2,5,2,2,2
6,998,Exposition,Schema,1.0,Postdoctoral Researcher,10 + years,10 + years,Somewhat familiar,This was the first time I have heard this,"No, not at all",4.0,2.0,No,"I imagined scale degrees or solfege as I listened,I subvocalized (silent rehearsal, spoken or sung) scale degrees or solfege while listening,I sang or spoke (without scale degrees or solfege)",Novice,Intermediate,1,6,1,2,2,3,1,1,1
7,473,Exposition,Schema,1.3,Postdoctoral Researcher,10 + years,5-10 years,Somewhat familiar,I have heard this before,"No, not at all",6.0,5.1,No,I spoke or sang scale degrees or solfege while listening,Intermediate,Intermediate,2,5,1,1,1,3,2,1,2
8,895,Exposition,Schema,1.0,Graduate Student,5-10 years,5-10 years,Completely unfamiliar,This was the first time I have heard this,"No, not at all",4.0,1.0,No,"I have no idea, I could just hear it!,I imagined scale degrees or solfege as I listened,I spoke or sang scale degrees or solfege while listening,I imagined or sung/spoke the interpretation between listenings,I sang or spoke (without scale degrees or solfege)",Novice,Intermediate,2,6,2,1,1,2,2,2,2
9,326,Exposition,Schema,6.1,Graduate Student,5-10 years,3-5 years,Familiar,I am very familiar with this piece,"Yes, somewhat",6.1,4.0,No,I spoke or sang scale degrees or solfege while listening,Intermediate,Intermediate,2,1,1,1,1,3,2,1,1
10,381,Exposition,Schema,1.0,"Other, please specify:",10 + years,10 + years,Somewhat familiar,This was the first time I have heard this,"No, not at all",7.0,1.0,Yes,"I imagined scale degrees or solfege as I listened,I subvocalized (silent rehearsal, spoken or sung) scale degrees or solfege while listening",Novice,Expert,1,5,1,2,2,6,1,1,2
11,268,Exposition,Schema,5.0,Professor,5-10 years,5-10 years,Very familiar,This was the first time I have heard this,"No, not at all",7.0,5.5,No,"I have no idea, I could just hear it!,I imagined scale degrees or solfege as I listened,I played an instrument",Intermediate,Intermediate,2,1,2,2,1,6,2,1,2
12,883,Exposition,Schema,4.2,Professor,10 + years,10 + years,Very familiar,I have heard this before,"Yes, somewhat",5.0,3.0,No,"I subvocalized (silent rehearsal, spoken or sung) scale degrees or solfege while listening,I spoke or sang scale degrees or solfege while listening",Intermediate,Intermediate,1,2,1,2,2,5,1,2,1
13,475,Exposition,Schema,1.0,Professor,10 + years,10 + years,"I am an expert (analysis, playing, composition, etc.)",I have heard this before,"No, not at all",7.0,7.0,Yes,Other (please specify),Expert,Expert,2,1,2,1,1,2,2,1,2
14,392,Exposition,Schema,6.2,Professor,10 + years,10 + years,"I am an expert (analysis, playing, composition, etc.)",I have heard this before,"No, not at all",5.9,4.2,Yes,"I have no idea, I could just hear it!",Expert,Expert,1,1,1,2,2,1,1,2,2
15,244,Exposition,Schema,5.1,Professor,10 + years,10 + years,"I am an expert (analysis, playing, composition, etc.)",I have heard this before,"No, not at all",7.0,7.0,No,"I imagined scale degrees or solfege as I listened,I subvocalized (silent rehearsal, spoken or sung) scale degrees or solfege while listening,I sang or spoke (without scale degrees or solfege),I played an instrument",Expert,Expert,2,1,2,1,1,2,2,2,1
16,148,Exposition,Schema,4.0,Professor,10 + years,10 + years,Somewhat familiar,I have heard this before,"No, not at all",6.0,4.0,No,"I imagined scale degrees or solfege as I listened,I subvocalized (silent rehearsal, spoken or sung) scale degrees or solfege while listening,I spoke or sang scale degrees or solfege while listening,I imagined or sung/spoke the interpretation between listenings",Intermediate,Intermediate,1,5,2,1,1,4,1,1,1
17,701,Exposition,Schema,1.0,Graduate Student,10 + years,10 + years,Very familiar,I have heard this before,"Yes, somewhat",6.3,6.7,No,"I imagined scale degrees or solfege as I listened,I spoke or sang scale degrees or solfege while listening,I imagined or sung/spoke the interpretation between listenings",Expert,Intermediate,2,3,1,2,2,6,1,2,2
18,540,Exposition,Schema,4.5,Professor,5-10 years,5-10 years,"I am an expert (analysis, playing, composition, etc.)",I have heard this before,"Yes, somewhat",7.0,7.0,No,"I imagined scale degrees or solfege as I listened,I subvocalized (silent rehearsal, spoken or sung) scale degrees or solfege while listening,I played an instrument",Expert,Expert,2,3,2,2,2,4,2,2,2
19,495,Exposition,Schema,3.5,Professor,5-10 years,3-5 years,Very familiar,This was the first time I have heard this,"No, not at all",6.0,5.0,No,"I imagined scale degrees or solfege as I listened,I subvocalized (silent rehearsal, spoken or sung) scale degrees or solfege while listening,I spoke or sang scale degrees or solfege while listening,I sang or spoke (without scale degrees or solfege)",Intermediate,Intermediate,2,4,1,1,1,3,2,1,1
0,913,Recapitulation,Bass,4.2,Professor,10 + years,10 + years,Completely unfamiliar,I have heard this before,"No, not at all",7.0,1.0,No,"I have no idea, I could just hear it!,I imagined scale degrees or solfege as I listened,I imagined or sung/spoke the interpretation between listenings",Novice,Expert,2,5,1,1,2,3,1,1,2
1,834,Recapitulation,Bass,4.7,Graduate Student,5-10 years,5-10 years,Familiar,This was the first time I have heard this,"No, not at all",6.2,5.7,No,I imagined scale degrees or solfege as I listened,Intermediate,Intermediate,1,3,2,2,2,1,2,2,1
2,719,Recapitulation,Bass,6.8,Graduate Student,1-2 years,3-5 years,Somewhat familiar,I have heard this before,"No, not at all",5.3,4.5,No,"I imagined scale degrees or solfege as I listened,I sang or spoke (without scale degrees or solfege)",Intermediate,Intermediate,2,3,2,2,1,6,2,1,1
3,862,Recapitulation,Bass,5.0,Graduate Student,5-10 years,5-10 years,Very familiar,This was the first time I have heard this,"No, not at all",5.5,4.9,No,"I imagined scale degrees or solfege as I listened,I subvocalized (silent rehearsal, spoken or sung) scale degrees or solfege while listening",Intermediate,Intermediate,1,3,1,1,1,3,1,2,2
4,686,Recapitulation,Bass,6.2,Professor,10 + years,10 + years,Very familiar,This was the first time I have heard this,"No, not at all",7.0,7.0,No,"I imagined scale degrees or solfege as I listened,I subvocalized (silent rehearsal, spoken or sung) scale degrees or solfege while listening",Intermediate,Expert,2,1,2,1,1,4,1,1,1
5,358,Recapitulation,Bass,7.0,Professor,10 + years,10 + years,"I am an expert (analysis, playing, composition, etc.)",This was the first time I have heard this,"No, not at all",7.0,7.0,No,"I imagined scale degrees or solfege as I listened,I imagined or sung/spoke the interpretation between listenings",Expert,Expert,2,2,2,2,2,5,2,2,2
6,998,Recapitulation,Bass,1.0,Postdoctoral Researcher,10 + years,10 + years,Somewhat familiar,This was the first time I have heard this,"No, not at all",4.0,2.0,No,"I imagined scale degrees or solfege as I listened,I subvocalized (silent rehearsal, spoken or sung) scale degrees or solfege while listening,I sang or spoke (without scale degrees or solfege)",Novice,Intermediate,1,6,1,2,2,3,1,1,1
7,473,Recapitulation,Bass,1.2,Postdoctoral Researcher,10 + years,5-10 years,Somewhat familiar,I have heard this before,"No, not at all",6.0,5.1,No,I spoke or sang scale degrees or solfege while listening,Intermediate,Intermediate,2,5,1,1,1,3,2,1,2
8,895,Recapitulation,Bass,3.0,Graduate Student,5-10 years,5-10 years,Completely unfamiliar,This was the first time I have heard this,"No, not at all",4.0,1.0,No,"I have no idea, I could just hear it!,I imagined scale degrees or solfege as I listened,I spoke or sang scale degrees or solfege while listening,I imagined or sung/spoke the interpretation between listenings,I sang or spoke (without scale degrees or solfege)",Novice,Intermediate,2,6,2,1,1,2,2,2,2
9,326,Recapitulation,Bass,5.1,Graduate Student,5-10 years,3-5 years,Familiar,I am very familiar with this piece,"Yes, somewhat",6.1,4.0,No,I spoke or sang scale degrees or solfege while listening,Intermediate,Intermediate,2,1,1,1,1,3,2,1,1
10,381,Recapitulation,Bass,2.0,"Other, please specify:",10 + years,10 + years,Somewhat familiar,This was the first time I have heard this,"No, not at all",7.0,1.0,Yes,"I imagined scale degrees or solfege as I listened,I subvocalized (silent rehearsal, spoken or sung) scale degrees or solfege while listening",Novice,Expert,1,5,1,2,2,6,1,1,2
11,268,Recapitulation,Bass,4.6,Professor,5-10 years,5-10 years,Very familiar,This was the first time I have heard this,"No, not at all",7.0,5.5,No,"I have no idea, I could just hear it!,I imagined scale degrees or solfege as I listened,I played an instrument",Intermediate,Intermediate,2,1,2,2,1,6,2,1,2
12,883,Recapitulation,Bass,3.1,Professor,10 + years,10 + years,Very familiar,I have heard this before,"Yes, somewhat",5.0,3.0,No,"I subvocalized (silent rehearsal, spoken or sung) scale degrees or solfege while listening,I spoke or sang scale degrees or solfege while listening",Intermediate,Intermediate,1,2,1,2,2,5,1,2,1
13,475,Recapitulation,Bass,5.0,Professor,10 + years,10 + years,"I am an expert (analysis, playing, composition, etc.)",I have heard this before,"No, not at all",7.0,7.0,Yes,Other (please specify),Expert,Expert,2,1,2,1,1,2,2,1,2
14,392,Recapitulation,Bass,3.3,Professor,10 + years,10 + years,"I am an expert (analysis, playing, composition, etc.)",I have heard this before,"No, not at all",5.9,4.2,Yes,"I have no idea, I could just hear it!",Expert,Expert,1,1,1,2,2,1,1,2,2
15,244,Recapitulation,Bass,2.8,Professor,10 + years,10 + years,"I am an expert (analysis, playing, composition, etc.)",I have heard this before,"No, not at all",7.0,7.0,No,"I imagined scale degrees or solfege as I listened,I subvocalized (silent rehearsal, spoken or sung) scale degrees or solfege while listening,I sang or spoke (without scale degrees or solfege),I played an instrument",Expert,Expert,2,1,2,1,1,2,2,2,1
16,148,Recapitulation,Bass,7.0,Professor,10 + years,10 + years,Somewhat familiar,I have heard this before,"No, not at all",6.0,4.0,No,"I imagined scale degrees or solfege as I listened,I subvocalized (silent rehearsal, spoken or sung) scale degrees or solfege while listening,I spoke or sang scale degrees or solfege while listening,I imagined or sung/spoke the interpretation between listenings",Intermediate,Intermediate,1,5,2,1,1,4,1,1,1
17,701,Recapitulation,Bass,3.1,Graduate Student,10 + years,10 + years,Very familiar,I have heard this before,"Yes, somewhat",6.3,6.7,No,"I imagined scale degrees or solfege as I listened,I spoke or sang scale degrees or solfege while listening,I imagined or sung/spoke the interpretation between listenings",Expert,Intermediate,2,3,1,2,2,6,1,2,2
18,540,Recapitulation,Bass,6.0,Professor,5-10 years,5-10 years,"I am an expert (analysis, playing, composition, etc.)",I have heard this before,"Yes, somewhat",7.0,7.0,No,"I imagined scale degrees or solfege as I listened,I subvocalized (silent rehearsal, spoken or sung) scale degrees or solfege while listening,I played an instrument",Expert,Expert,2,3,2,2,2,4,2,2,2
19,495,Recapitulation,Bass,6.0,Professor,5-10 years,3-5 years,Very familiar,This was the first time I have heard this,"No, not at all",6.0,5.0,No,"I imagined scale degrees or solfege as I listened,I subvocalized (silent rehearsal, spoken or sung) scale degrees or solfege while listening,I spoke or sang scale degrees or solfege while listening,I sang or spoke (without scale degrees or solfege)",Intermediate,Intermediate,2,4,1,1,1,3,2,1,1
0,913,Recapitulation,Soprano,1.0,Professor,10 + years,10 + years,Completely unfamiliar,I have heard this before,"No, not at all",7.0,1.0,No,"I have no idea, I could just hear it!,I imagined scale degrees or solfege as I listened,I imagined or sung/spoke the interpretation between listenings",Novice,Expert,2,5,1,1,2,3,1,1,2
1,834,Recapitulation,Soprano,5.1,Graduate Student,5-10 years,5-10 years,Familiar,This was the first time I have heard this,"No, not at all",6.2,5.7,No,I imagined scale degrees or solfege as I listened,Intermediate,Intermediate,1,3,2,2,2,1,2,2,1
2,719,Recapitulation,Soprano,5.4,Graduate Student,1-2 years,3-5 years,Somewhat familiar,I have heard this before,"No, not at all",5.3,4.5,No,"I imagined scale degrees or solfege as I listened,I sang or spoke (without scale degrees or solfege)",Intermediate,Intermediate,2,3,2,2,1,6,2,1,1
3,862,Recapitulation,Soprano,1.9,Graduate Student,5-10 years,5-10 years,Very familiar,This was the first time I have heard this,"No, not at all",5.5,4.9,No,"I imagined scale degrees or solfege as I listened,I subvocalized (silent rehearsal, spoken or sung) scale degrees or solfege while listening",Intermediate,Intermediate,1,3,1,1,1,3,1,2,2
4,686,Recapitulation,Soprano,5.2,Professor,10 + years,10 + years,Very familiar,This was the first time I have heard this,"No, not at all",7.0,7.0,No,"I imagined scale degrees or solfege as I listened,I subvocalized (silent rehearsal, spoken or sung) scale degrees or solfege while listening",Intermediate,Expert,2,1,2,1,1,4,1,1,1
5,358,Recapitulation,Soprano,7.0,Professor,10 + years,10 + years,"I am an expert (analysis, playing, composition, etc.)",This was the first time I have heard this,"No, not at all",7.0,7.0,No,"I imagined scale degrees or solfege as I listened,I imagined or sung/spoke the interpretation between listenings",Expert,Expert,2,2,2,2,2,5,2,2,2
6,998,Recapitulation,Soprano,1.0,Postdoctoral Researcher,10 + years,10 + years,Somewhat familiar,This was the first time I have heard this,"No, not at all",4.0,2.0,No,"I imagined scale degrees or solfege as I listened,I subvocalized (silent rehearsal, spoken or sung) scale degrees or solfege while listening,I sang or spoke (without scale degrees or solfege)",Novice,Intermediate,1,6,1,2,2,3,1,1,1
7,473,Recapitulation,Soprano,1.0,Postdoctoral Researcher,10 + years,5-10 years,Somewhat familiar,I have heard this before,"No, not at all",6.0,5.1,No,I spoke or sang scale degrees or solfege while listening,Intermediate,Intermediate,2,5,1,1,1,3,2,1,2
8,895,Recapitulation,Soprano,1.0,Graduate Student,5-10 years,5-10 years,Completely unfamiliar,This was the first time I have heard this,"No, not at all",4.0,1.0,No,"I have no idea, I could just hear it!,I imagined scale degrees or solfege as I listened,I spoke or sang scale degrees or solfege while listening,I imagined or sung/spoke the interpretation between listenings,I sang or spoke (without scale degrees or solfege)",Novice,Intermediate,2,6,2,1,1,2,2,2,2
9,326,Recapitulation,Soprano,5.1,Graduate Student,5-10 years,3-5 years,Familiar,I am very familiar with this piece,"Yes, somewhat",6.1,4.0,No,I spoke or sang scale degrees or solfege while listening,Intermediate,Intermediate,2,1,1,1,1,3,2,1,1
10,381,Recapitulation,Soprano,1.0,"Other, please specify:",10 + years,10 + years,Somewhat familiar,This was the first time I have heard this,"No, not at all",7.0,1.0,Yes,"I imagined scale degrees or solfege as I listened,I subvocalized (silent rehearsal, spoken or sung) scale degrees or solfege while listening",Novice,Expert,1,5,1,2,2,6,1,1,2
11,268,Recapitulation,Soprano,5.0,Professor,5-10 years,5-10 years,Very familiar,This was the first time I have heard this,"No, not at all",7.0,5.5,No,"I have no idea, I could just hear it!,I imagined scale degrees or solfege as I listened,I played an instrument",Intermediate,Intermediate,2,1,2,2,1,6,2,1,2
12,883,Recapitulation,Soprano,5.1,Professor,10 + years,10 + years,Very familiar,I have heard this before,"Yes, somewhat",5.0,3.0,No,"I subvocalized (silent rehearsal, spoken or sung) scale degrees or solfege while listening,I spoke or sang scale degrees or solfege while listening",Intermediate,Intermediate,1,2,1,2,2,5,1,2,1
13,475,Recapitulation,Soprano,1.0,Professor,10 + years,10 + years,"I am an expert (analysis, playing, composition, etc.)",I have heard this before,"No, not at all",7.0,7.0,Yes,Other (please specify),Expert,Expert,2,1,2,1,1,2,2,1,2
14,392,Recapitulation,Soprano,3.7,Professor,10 + years,10 + years,"I am an expert (analysis, playing, composition, etc.)",I have heard this before,"No, not at all",5.9,4.2,Yes,"I have no idea, I could just hear it!",Expert,Expert,1,1,1,2,2,1,1,2,2
15,244,Recapitulation,Soprano,2.0,Professor,10 + years,10 + years,"I am an expert (analysis, playing, composition, etc.)",I have heard this before,"No, not at all",7.0,7.0,No,"I imagined scale degrees or solfege as I listened,I subvocalized (silent rehearsal, spoken or sung) scale degrees or solfege while listening,I sang or spoke (without scale degrees or solfege),I played an instrument",Expert,Expert,2,1,2,1,1,2,2,2,1
16,148,Recapitulation,Soprano,1.2,Professor,10 + years,10 + years,Somewhat familiar,I have heard this before,"No, not at all",6.0,4.0,No,"I imagined scale degrees or solfege as I listened,I subvocalized (silent rehearsal, spoken or sung) scale degrees or solfege while listening,I spoke or sang scale degrees or solfege while listening,I imagined or sung/spoke the interpretation between listenings",Intermediate,Intermediate,1,5,2,1,1,4,1,1,1
17,701,Recapitulation,Soprano,1.4,Graduate Student,10 + years,10 + years,Very familiar,I have heard this before,"Yes, somewhat",6.3,6.7,No,"I imagined scale degrees or solfege as I listened,I spoke or sang scale degrees or solfege while listening,I imagined or sung/spoke the interpretation between listenings",Expert,Intermediate,2,3,1,2,2,6,1,2,2
18,540,Recapitulation,Soprano,3.0,Professor,5-10 years,5-10 years,"I am an expert (analysis, playing, composition, etc.)",I have heard this before,"Yes, somewhat",7.0,7.0,No,"I imagined scale degrees or solfege as I listened,I subvocalized (silent rehearsal, spoken or sung) scale degrees or solfege while listening,I played an instrument",Expert,Expert,2,3,2,2,2,4,2,2,2
19,495,Recapitulation,Soprano,4.0,Professor,5-10 years,3-5 years,Very familiar,This was the first time I have heard this,"No, not at all",6.0,5.0,No,"I imagined scale degrees or solfege as I listened,I subvocalized (silent rehearsal, spoken or sung) scale degrees or solfege while listening,I spoke or sang scale degrees or solfege while listening,I sang or spoke (without scale degrees or solfege)",Intermediate,Intermediate,2,4,1,1,1,3,2,1,1
0,913,Recapitulation,Schema,4.1,Professor,10 + years,10 + years,Completely unfamiliar,I have heard this before,"No, not at all",7.0,1.0,No,"I have no idea, I could just hear it!,I imagined scale degrees or solfege as I listened,I imagined or sung/spoke the interpretation between listenings",Novice,Expert,2,5,1,1,2,3,1,1,2
1,834,Recapitulation,Schema,4.5,Graduate Student,5-10 years,5-10 years,Familiar,This was the first time I have heard this,"No, not at all",6.2,5.7,No,I imagined scale degrees or solfege as I listened,Intermediate,Intermediate,1,3,2,2,2,1,2,2,1
2,719,Recapitulation,Schema,5.3,Graduate Student,1-2 years,3-5 years,Somewhat familiar,I have heard this before,"No, not at all",5.3,4.5,No,"I imagined scale degrees or solfege as I listened,I sang or spoke (without scale degrees or solfege)",Intermediate,Intermediate,2,3,2,2,1,6,2,1,1
3,862,Recapitulation,Schema,3.2,Graduate Student,5-10 years,5-10 years,Very familiar,This was the first time I have heard this,"No, not at all",5.5,4.9,No,"I imagined scale degrees or solfege as I listened,I subvocalized (silent rehearsal, spoken or sung) scale degrees or solfege while listening",Intermediate,Intermediate,1,3,1,1,1,3,1,2,2
4,686,Recapitulation,Schema,6.5,Professor,10 + years,10 + years,Very familiar,This was the first time I have heard this,"No, not at all",7.0,7.0,No,"I imagined scale degrees or solfege as I listened,I subvocalized (silent rehearsal, spoken or sung) scale degrees or solfege while listening",Intermediate,Expert,2,1,2,1,1,4,1,1,1
5,358,Recapitulation,Schema,7.0,Professor,10 + years,10 + years,"I am an expert (analysis, playing, composition, etc.)",This was the first time I have heard this,"No, not at all",7.0,7.0,No,"I imagined scale degrees or solfege as I listened,I imagined or sung/spoke the interpretation between listenings",Expert,Expert,2,2,2,2,2,5,2,2,2
6,998,Recapitulation,Schema,2.0,Postdoctoral Researcher,10 + years,10 + years,Somewhat familiar,This was the first time I have heard this,"No, not at all",4.0,2.0,No,"I imagined scale degrees or solfege as I listened,I subvocalized (silent rehearsal, spoken or sung) scale degrees or solfege while listening,I sang or spoke (without scale degrees or solfege)",Novice,Intermediate,1,6,1,2,2,3,1,1,1
7,473,Recapitulation,Schema,1.6,Postdoctoral Researcher,10 + years,5-10 years,Somewhat familiar,I have heard this before,"No, not at all",6.0,5.1,No,I spoke or sang scale degrees or solfege while listening,Intermediate,Intermediate,2,5,1,1,1,3,2,1,2
8,895,Recapitulation,Schema,1.0,Graduate Student,5-10 years,5-10 years,Completely unfamiliar,This was the first time I have heard this,"No, not at all",4.0,1.0,No,"I have no idea, I could just hear it!,I imagined scale degrees or solfege as I listened,I spoke or sang scale degrees or solfege while listening,I imagined or sung/spoke the interpretation between listenings,I sang or spoke (without scale degrees or solfege)",Novice,Intermediate,2,6,2,1,1,2,2,2,2
9,326,Recapitulation,Schema,5.6,Graduate Student,5-10 years,3-5 years,Familiar,I am very familiar with this piece,"Yes, somewhat",6.1,4.0,No,I spoke or sang scale degrees or solfege while listening,Intermediate,Intermediate,2,1,1,1,1,3,2,1,1
10,381,Recapitulation,Schema,6.5,"Other, please specify:",10 + years,10 + years,Somewhat familiar,This was the first time I have heard this,"No, not at all",7.0,1.0,Yes,"I imagined scale degrees or solfege as I listened,I subvocalized (silent rehearsal, spoken or sung) scale degrees or solfege while listening",Novice,Expert,1,5,1,2,2,6,1,1,2
11,268,Recapitulation,Schema,3.5,Professor,5-10 years,5-10 years,Very familiar,This was the first time I have heard this,"No, not at all",7.0,5.5,No,"I have no idea, I could just hear it!,I imagined scale degrees or solfege as I listened,I played an instrument",Intermediate,Intermediate,2,1,2,2,1,6,2,1,2
12,883,Recapitulation,Schema,1.1,Professor,10 + years,10 + years,Very familiar,I have heard this before,"Yes, somewhat",5.0,3.0,No,"I subvocalized (silent rehearsal, spoken or sung) scale degrees or solfege while listening,I spoke or sang scale degrees or solfege while listening",Intermediate,Intermediate,1,2,1,2,2,5,1,2,1
13,475,Recapitulation,Schema,2.0,Professor,10 + years,10 + years,"I am an expert (analysis, playing, composition, etc.)",I have heard this before,"No, not at all",7.0,7.0,Yes,Other (please specify),Expert,Expert,2,1,2,1,1,2,2,1,2
14,392,Recapitulation,Schema,3.8,Professor,10 + years,10 + years,"I am an expert (analysis, playing, composition, etc.)",I have heard this before,"No, not at all",5.9,4.2,Yes,"I have no idea, I could just hear it!",Expert,Expert,1,1,1,2,2,1,1,2,2
15,244,Recapitulation,Schema,1.5,Professor,10 + years,10 + years,"I am an expert (analysis, playing, composition, etc.)",I have heard this before,"No, not at all",7.0,7.0,No,"I imagined scale degrees or solfege as I listened,I subvocalized (silent rehearsal, spoken or sung) scale degrees or solfege while listening,I sang or spoke (without scale degrees or solfege),I played an instrument",Expert,Expert,2,1,2,1,1,2,2,2,1
16,148,Recapitulation,Schema,6.0,Professor,10 + years,10 + years,Somewhat familiar,I have heard this before,"No, not at all",6.0,4.0,No,"I imagined scale degrees or solfege as I listened,I subvocalized (silent rehearsal, spoken or sung) scale degrees or solfege while listening,I spoke or sang scale degrees or solfege while listening,I imagined or sung/spoke the interpretation between listenings",Intermediate,Intermediate,1,5,2,1,1,4,1,1,1
17,701,Recapitulation,Schema,1.1,Graduate Student,10 + years,10 + years,Very familiar,I have heard this before,"Yes, somewhat",6.3,6.7,No,"I imagined scale degrees or solfege as I listened,I spoke or sang scale degrees or solfege while listening,I imagined or sung/spoke the interpretation between listenings",Expert,Intermediate,2,3,1,2,2,6,1,2,2
18,540,Recapitulation,Schema,7.0,Professor,5-10 years,5-10 years,"I am an expert (analysis, playing, composition, etc.)",I have heard this before,"Yes, somewhat",7.0,7.0,No,"I imagined scale degrees or solfege as I listened,I subvocalized (silent rehearsal, spoken or sung) scale degrees or solfege while listening,I played an instrument",Expert,Expert,2,3,2,2,2,4,2,2,2
19,495,Recapitulation,Schema,3.0,Professor,5-10 years,3-5 years,Very familiar,This was the first time I have heard this,"No, not at all",6.0,5.0,No,"I imagined scale degrees or solfege as I listened,I subvocalized (silent rehearsal, spoken or sung) scale degrees or solfege while listening,I spoke or sang scale degrees or solfege while listening,I sang or spoke (without scale degrees or solfege)",Intermediate,Intermediate,2,4,1,1,1,3,2,1,1
